# Адреса, которые ЗНАЕТ Google: выгрузка Search Console за 3 месяца (снято 2026-08-19).
# ⛔ НЕВОССТАНОВИМО: окно консоли 16 месяцев, дальше эти показы истекают.
# Формат: путь<TAB>показы<TAB>клики. Порядок — по показам, это и есть приоритет цели редиректа.
# Итого адресов 188, показов 550, кликов 1.
/en/br/opening-a-bank-account/	33	0
/en/me/transport/	23	0
/ru/gr/documents/	18	0
/en/kr/currency-transfers/	15	0
/ru/bg/documents/	14	0
/en/ge/sim-internet/	13	0
/en/ru/documents-visa/	12	0
/ru/jp/обмен-и-переводы/	12	0
/ru/au/documents/	10	0
/en/gb/transport/	8	0
/en/kr/banking-money/	8	0
/en/br/documents-visa/	7	0
/en/de/banking-money/	7	0
/en/jp/banking-money/	7	0
/en/mu/exchanges-transfers/	7	0
/ru/br/перевод-средств-в-бразилию/	7	0
/en/bg/documents-visa/	6	0
/en/br/health/	6	0
/en/cu/sim-internet/	6	0
/en/gr/transport/	6	0
/en/me/sim-internet/	6	0
/en/mu/safety/	6	0
/en/vn/banking-money/	6	0
/es/br/transferencia-de-fondos-a-brasil/	6	0
/ru/bg/transport/	6	0
/ru/br/rodilnyy-turizm/	6	0
/en/de/documents-visa/	5	0
/en/de/work-taxes/	5	0
/en/hu/documents-visa/	5	0
/en/ru/banking-money/	5	0
/en/vn/documents-visa/	5	0
/ru/br/получение-внж-в-бразилии/	5	0
/ru/de/открытие-банковского-счета/	5	0
/en/bg/transport/	4	0
/en/cn/transport/	4	0
/en/cz/documents-visa/	4	0
/en/kr/documents-visa/	4	0
/en/me/tickets-entertainment/	4	0
/ru/br/оплата-картой-в-бразилии/	4	0
/ru/by/money/	4	0
/ru/fr/connectivity/	4	0
/ru/hu/банк-и-деньги/	4	0
/ru/vn/safety/	4	0
/en/ar/documents-visa/	3	0
/en/by/banking-money/	3	0
/en/by/sim-internet/	3	0
/en/fr/documents-visa/	3	0
/en/fr/transport/	3	0
/en/kz/transport/	3	0
/en/lk/exchanges-transfers/	3	0
/en/lk/housing/	3	0
/en/me/banking-money/	3	0
/en/me/documents-visa/	3	0
/en/mu/tickets-leisure/	3	0
/en/tr/transport/	3	0
/en/vn/health/	3	0
/en/vn/money-transfers/	3	0
/pt/hr/transporte/	3	0
/ru/bg/meditsinskoe-strahovanie-dlya-vizy-i-vnz/	3	0
/ru/mu/money/	3	0
/ru/ph/documents/	3	0
/	2	0
/en/ar/banking-money/	2	0
/en/at/work-taxes/	2	0
/en/br/banking-money/	2	0
/en/br/federal-police-appointments/	2	0
/en/br/naturalization/	2	0
/en/br/opening-a-brazilian-bank-account/	2	0
/en/br/shopping/	2	0
/en/br/tickets-entertainment/	2	0
/en/br/transferring-funds-to-brazil/	2	0
/en/by/transport/	2	0
/en/ch/banking-money/	2	0
/en/cz/exchange-transfers/	2	0
/en/gr/documents-visa/	2	0
/en/id/documents-visa/	2	0
/en/il/banking-money/	2	0
/en/il/documents-visa/	2	0
/en/kr/shopping/	2	0
/en/me/registration-residency/	2	0
/en/ph/tickets-entertainment/	2	0
/en/vn/transport/	2	0
/es/ar/transporte/	2	0
/es/br/documentos-y-visados/	2	0
/es/br/pago-de-viajes/	2	0
/pt/ar/correios-e-encomendas/	2	0
/ru/at/обмен-и-переводы/	2	0
/ru/au/money/	2	0
/ru/au/подача-на-австралийскую-визу/	2	0
/ru/bg/oformlenie-dolgosrochnoy-vizy-tipa-d/	2	0
/ru/br/shipping/	2	0
/ru/fi/documents/	2	0
/ru/ge/безопасность/	2	0
/ru/gr/transport/	2	0
/en/ar/shopping/	1	0
/en/ar/transport/	1	0
/en/at/banking-money/	1	0
/en/at/currency-transfers/	1	0
/en/at/documents-visa/	1	0
/en/at/transport/	1	0
/en/au/proof-of-financial-capacity/	1	0
/en/au/work-taxes/	1	0
/en/be/documents-visa/	1	1
/en/bg/banking-money/	1	0
/en/br/border-crossing/	1	0
/en/br/card-payments-in-brazil/	1	0
/en/br/cpf-registration/	1	0
/en/br/customs-imports/	1	0
/en/br/housing/	1	0
/en/br/making-purchases/	1	0
/en/br/payments-in-brazil/	1	0
/en/br/sim-internet/	1	0
/en/br/taking-a-taxi/	1	0
/en/br/work-taxes/	1	0
/en/by/tickets-entertainment/	1	0
/en/cu/shopping/	1	0
/en/de/exchanges-transfers/	1	0
/en/de/housing/	1	0
/en/de/mail-shipping/	1	0
/en/de/shopping/	1	0
/en/de/transport/	1	0
/en/eg/transport/	1	0
/en/fi/documents-visa/	1	0
/en/fr/housing/	1	0
/en/ge/banking-money/	1	0
/en/gr/banking-money/	1	0
/en/gr/shopping/	1	0
/en/gr/tickets-entertainment/	1	0
/en/hr/documents-visa/	1	0
/en/id/banking-money/	1	0
/en/id/health/	1	0
/en/id/sim-internet/	1	0
/en/jp/documents-visa/	1	0
/en/jp/shopping/	1	0
/en/jp/transport/	1	0
/en/kr/tickets-entertainment/	1	0
/en/kr/transport/	1	0
/en/kr/trip-preparation/	1	0
/en/kz/banking-money/	1	0
/en/kz/documents-visa/	1	0
/en/kz/sim-internet/	1	0
/en/lk/shopping/	1	0
/en/lk/tickets-entertainment/	1	0
/en/me/work-taxes/	1	0
/en/mu/banking-money/	1	0
/en/mu/transport/	1	0
/en/ph/banking-money/	1	0
/en/ph/currency-transfers/	1	0
/en/vn/	1	0
/en/vn/shopping/	1	0
/en/vn/sim-internet/	1	0
/es/ar/documentos-y-visados/	1	0
/es/br/	1	0
/es/br/transporte-urbano/	1	0
/es/by/salud/	1	0
/es/de/trabajo-e-impuestos/	1	0
/es/fr/banca-y-dinero/	1	0
/es/kr/	1	0
/es/me/registro-y-estancia/	1	0
/es/vn/ocio-y-entradas/	1	0
/privacy	1	0
/pt/bg/	1	0
/pt/de/trabalho-e-impostos/	1	0
/pt/fi/compras/	1	0
/pt/kg/transporte/	1	0
/pt/ru/transporte/	1	0
/ru/ar/	1	0
/ru/bg/avtobus-stambul-bolgariya-obschie-pravil/	1	0
/ru/bg/ispolzovanie-banknot-nominalom-200-i-500/	1	0
/ru/bg/money/	1	0
/ru/bg/pogranichnyy-kontrol-i-vizovye-pravila-p/	1	0
/ru/br/	1	0
/ru/br/иммиграция-в-бразилию/	1	0
/ru/br/оплата-картой/	1	0
/ru/br/планирование-поездки-в-бразилию/	1	0
/ru/br/получение-вида-на-жительство-в-бразилии/	1	0
/ru/ch/s/customs/	1	0
/ru/cn/обмен-и-переводы/	1	0
/ru/de/	1	0
/ru/de/здоровье/	1	0
/ru/fr/работа-и-налоги/	1	0
/ru/jp/documents/	1	0
/ru/kz/безопасность/	1	0
/ru/me/documents/	1	0
/ru/me/shopping/	1	0
/ru/mu/	1	0
/ru/mu/покупки/	1	0
/ru/vn/открытие-банковского-счета/	1	0
